positive_bert,negative_bert,neutral_bert
0.02781170792877674,0.5599449276924133,0.41224339604377747
0.0315559096634388,0.3416866064071655,0.6267575025558472
0.01644161157310009,0.703527569770813,0.2800308167934418
0.019790824502706528,0.6192632913589478,0.3609459102153778
0.010152652859687805,0.7807881832122803,0.20905913412570953
0.10082314163446426,0.2320459932088852,0.6671308875083923
0.10826630890369415,0.3300919830799103,0.5616417527198792
0.1811770498752594,0.08468292653560638,0.7341400384902954
0.06930951029062271,0.18265797197818756,0.7480325102806091
0.796421468257904,0.04567495360970497,0.15790356695652008
0.01929318904876709,0.6656593084335327,0.3150474727153778
0.018247611820697784,0.6277009844779968,0.3540514409542084
0.055748071521520615,0.256819486618042,0.6874324083328247
0.005632076412439346,0.8759410381317139,0.11842682957649231
0.015725677832961082,0.7201475501060486,0.2641267478466034
0.07269199192523956,0.39851099252700806,0.5287969708442688
0.14993037283420563,0.1288662850856781,0.7212033271789551
0.023963715881109238,0.6245523691177368,0.35148394107818604
0.023221008479595184,0.5579771995544434,0.41880175471305847
0.06711776554584503,0.33321326971054077,0.5996689796447754
0.11152379959821701,0.3807055354118347,0.5077706575393677
0.6118171811103821,0.011241628788411617,0.3769412338733673
0.03157923370599747,0.6934666633605957,0.2749541103839874
0.25237223505973816,0.09964169561862946,0.6479860544204712
0.46346962451934814,0.0702141672372818,0.46631622314453125
0.7643846869468689,0.039124250411987305,0.1964910924434662
0.5000652074813843,0.037206120789051056,0.46272870898246765
0.058849163353443146,0.17937029898166656,0.7617805004119873
0.051792439073324203,0.2741103768348694,0.6740972399711609
0.02841326594352722,0.34280866384506226,0.6287780404090881
0.14556792378425598,0.03409308195114136,0.820339024066925
0.028251199051737785,0.6460045576095581,0.32574427127838135
0.24878868460655212,0.248245969414711,0.5029653310775757
0.9332637786865234,0.006874574348330498,0.05986163392663002
0.10531646758317947,0.13587087392807007,0.7588126063346863
0.2583167850971222,0.09979184716939926,0.6418913006782532
0.25584685802459717,0.02268744632601738,0.7214657068252563
0.04017384722828865,0.3857005536556244,0.5741256475448608
0.3155982792377472,0.23767687380313873,0.44672489166259766
0.8854323029518127,0.00792553462088108,0.10664215683937073
0.1048363670706749,0.44514933228492737,0.45001426339149475
0.03566663712263107,0.22831226885318756,0.736021101474762
0.00679412204772234,0.8344525694847107,0.15875329077243805
0.16194990277290344,0.08209088444709778,0.7559592127799988
0.016802998259663582,0.6036962866783142,0.3795006573200226
0.05502847209572792,0.2666786015033722,0.6782929301261902
0.16245989501476288,0.3517525792121887,0.4857875108718872
0.025905167683959007,0.5490634441375732,0.4250313937664032
0.03711836412549019,0.04313026741147041,0.9197513461112976
0.021005723625421524,0.6798284649848938,0.2991657853126526
0.019185621291399002,0.6858954429626465,0.294918954372406
0.7516705989837646,0.016856400296092033,0.23147296905517578
0.15703003108501434,0.17354941368103027,0.669420599937439
0.07624666392803192,0.18358828127384186,0.740165114402771
0.0168711319565773,0.5387575626373291,0.44437137246131897
0.017128877341747284,0.5133862495422363,0.4694848358631134
0.01419010665267706,0.5989495515823364,0.38686037063598633
0.009982109069824219,0.8322245478630066,0.157793328166008
0.03995781019330025,0.3871162235736847,0.5729259848594666
0.009998318739235401,0.6743506789207458,0.3156510889530182
0.017971640452742577,0.7970640659332275,0.1849644035100937
0.030897045508027077,0.5648197531700134,0.40428316593170166
0.014935474842786789,0.5758645534515381,0.409199982881546
0.07247855514287949,0.17742304503917694,0.7500983476638794
0.010316524654626846,0.7278517484664917,0.261831670999527
0.005958430469036102,0.9021762609481812,0.09186531603336334
0.010023842565715313,0.7542219161987305,0.23575419187545776
0.5368001461029053,0.027609029784798622,0.43559080362319946
0.6050252318382263,0.04214456304907799,0.3528302013874054
0.03341442719101906,0.616641104221344,0.349944531917572
0.7611327171325684,0.006596779450774193,0.23227046430110931
0.01375240832567215,0.8404939770698547,0.14575359225273132
0.39936643838882446,0.058360252529382706,0.5422732830047607
0.38612306118011475,0.03989163413643837,0.5739852786064148
0.07618440687656403,0.3663903474807739,0.5574252009391785
0.021848496049642563,0.7215335369110107,0.2566179633140564
0.377177357673645,0.03145752474665642,0.5913651585578918
0.3865295350551605,0.04665305092930794,0.5668174624443054
0.008711175993084908,0.7921358942985535,0.19915296137332916
0.18739604949951172,0.031792107969522476,0.7808117866516113
0.6069830656051636,0.009472228586673737,0.3835446536540985
0.8614873290061951,0.0047265877947211266,0.13378606736660004
0.8005946278572083,0.015482602640986443,0.18392279744148254
0.02825283072888851,0.5704568028450012,0.4012903571128845
0.18310171365737915,0.10204445570707321,0.714853823184967
0.00815228559076786,0.8515662550926208,0.14028137922286987
0.009085625410079956,0.8154503107070923,0.17546404898166656
0.007144448813050985,0.8337475061416626,0.1591079831123352
0.09377550333738327,0.16010990738868713,0.7461146712303162
0.03529046103358269,0.7178757786750793,0.24683375656604767
0.028801564127206802,0.6777950525283813,0.29340341687202454
0.00902597513049841,0.879787266254425,0.11118679493665695
0.006273210979998112,0.8761855959892273,0.11754120141267776
0.06197267398238182,0.21111661195755005,0.7269106507301331
0.5277270078659058,0.0599624402821064,0.41231057047843933
0.03058878518640995,0.715857744216919,0.25355347990989685
0.3345506489276886,0.1264362335205078,0.539013147354126
0.03875654563307762,0.7141831517219543,0.2470603585243225
0.016602344810962677,0.47235801815986633,0.511039674282074
0.04474504664540291,0.6022672057151794,0.35298770666122437
0.009136941283941269,0.7906123399734497,0.2002507746219635
0.09638720005750656,0.3656209707260132,0.5379918813705444
0.013991273008286953,0.7773796916007996,0.20862902700901031
0.779894232749939,0.03972552716732025,0.18038016557693481
0.1751452386379242,0.3655572831630707,0.4592975080013275
0.2048402577638626,0.21362607181072235,0.5815337300300598
0.013737746514379978,0.6681184768676758,0.318143755197525
0.03758281469345093,0.5683678984642029,0.3940492868423462
0.7103809118270874,0.024249687790870667,0.26536938548088074
0.02372802048921585,0.4622626006603241,0.514009416103363
0.023654324933886528,0.6446007490158081,0.3317449688911438
0.025586990639567375,0.3538520634174347,0.6205609440803528
0.026089917868375778,0.2772596776485443,0.6966503858566284
0.009494100697338581,0.7039193511009216,0.28658658266067505
0.03474969044327736,0.3666597306728363,0.5985905528068542
0.025228358805179596,0.6361836791038513,0.3385879695415497
0.04775708168745041,0.6159626841545105,0.33628028631210327
0.026516400277614594,0.2469213902950287,0.7265622615814209
0.008417660370469093,0.9088729023933411,0.08270949870347977
0.017773272469639778,0.4712740182876587,0.5109527111053467
0.14546628296375275,0.14412851631641388,0.7104052305221558
0.016837643459439278,0.6682485938072205,0.314913809299469
0.08076301962137222,0.11659691482782364,0.8026400804519653
0.5016120076179504,0.019069788977503777,0.47931817173957825
0.05047786980867386,0.02720547281205654,0.9223166108131409
0.03129202499985695,0.38494646549224854,0.5837615728378296
0.056493595242500305,0.3930690586566925,0.550437331199646
0.03481433540582657,0.2601102292537689,0.7050754427909851
0.021534200757741928,0.6014439463615417,0.3770218789577484
0.011865375563502312,0.7956743836402893,0.19246023893356323
0.007580197416245937,0.8833279013633728,0.10909195989370346
0.025340085849165916,0.3796854615211487,0.5949743986129761
0.008715110830962658,0.7960007190704346,0.1952841579914093
0.037296146154403687,0.4149828255176544,0.5477210283279419
0.2130558043718338,0.11108201742172241,0.675862193107605
0.4375632405281067,0.17731407284736633,0.385122686624527
0.34804102778434753,0.03965969756245613,0.6122992634773254
0.09400378167629242,0.13734985888004303,0.7686463594436646
0.043563418090343475,0.20733988285064697,0.749096691608429
0.061495356261730194,0.19018174707889557,0.7483229041099548
0.018617238849401474,0.3831196129322052,0.5982630848884583
0.010657689534127712,0.661224901676178,0.32811740040779114
0.018132086843252182,0.40714237093925476,0.5747255086898804
0.3193342685699463,0.1464591920375824,0.5342065691947937
0.017006786540150642,0.7046032547950745,0.2783900201320648
0.09865206480026245,0.29670363664627075,0.6046442985534668
0.04156486690044403,0.45754849910736084,0.5008866190910339
0.02060714364051819,0.5366864204406738,0.442706435918808
0.05526701733469963,0.12216293811798096,0.8225699663162231
0.080052949488163,0.158363938331604,0.7615830898284912
0.035690370947122574,0.5414085984230042,0.4229009747505188
0.9310793876647949,0.0041710552759468555,0.06474962830543518
0.8541902899742126,0.006118581630289555,0.13969112932682037
0.6219606995582581,0.027685699984431267,0.35035353899002075
0.9288837313652039,0.0040593394078314304,0.06705693900585175
0.8192002177238464,0.022453418001532555,0.15834635496139526
0.10531646758317947,0.13587087392807007,0.7588126063346863
0.07931609451770782,0.37592047452926636,0.544763445854187
0.018644878640770912,0.7042629718780518,0.2770921289920807
0.01568428985774517,0.664741039276123,0.31957459449768066
0.009895000606775284,0.5398593544960022,0.45024558901786804
0.0941712036728859,0.257510781288147,0.6483180522918701
0.005876290146261454,0.9069754481315613,0.08714815974235535
0.028747087344527245,0.3163057863712311,0.6549471020698547
0.3235371708869934,0.22592765092849731,0.4505351781845093
0.10043463855981827,0.32591512799263,0.5736501812934875
0.0752081349492073,0.016367081552743912,0.9084247946739197
0.0395747534930706,0.3630315661430359,0.5973936915397644
0.19273772835731506,0.26911211013793945,0.5381501913070679
0.04819630831480026,0.24099251627922058,0.7108111381530762
0.02721681259572506,0.5055540800094604,0.46722909808158875
0.029897883534431458,0.47211021184921265,0.4979919195175171
0.10706770420074463,0.11367220431566238,0.7792600989341736
0.009187095798552036,0.7222549319267273,0.26855799555778503
0.013355673290789127,0.6942582130432129,0.29238614439964294
0.0911380797624588,0.2934497892856598,0.6154121160507202
0.09071638435125351,0.14927153289318085,0.7600120306015015
0.01499966625124216,0.5674946904182434,0.4175056517124176
0.008956610225141048,0.8341348171234131,0.15690848231315613
0.34804102778434753,0.03965969756245613,0.6122992634773254
0.7190611958503723,0.03489801287651062,0.24604076147079468
0.09081357717514038,0.31456172466278076,0.5946246385574341
0.013106625527143478,0.7729938626289368,0.213899627327919
0.011690539307892323,0.6477584838867188,0.34055095911026
0.014482153579592705,0.5012799501419067,0.4842378795146942
0.1887148916721344,0.032642532140016556,0.7786425948143005
0.060159649699926376,0.15735465288162231,0.7824856638908386
0.11484570056200027,0.03879006579518318,0.8463641405105591
0.04221351072192192,0.21832308173179626,0.7394633889198303
0.05425625294446945,0.24379055202007294,0.7019531726837158
0.018552720546722412,0.5787883996963501,0.4026588499546051
0.08973013609647751,0.20657414197921753,0.7036957144737244
0.10495800524950027,0.13570736348628998,0.7593346238136292
0.25296637415885925,0.08362744003534317,0.6634061932563782
0.020647644996643066,0.6064815521240234,0.3728708028793335
0.036104533821344376,0.32610461115837097,0.6377909183502197
0.015641966834664345,0.6406066417694092,0.34375137090682983
0.02171296440064907,0.446591317653656,0.5316957235336304
0.02138070948421955,0.5273990035057068,0.45122024416923523
0.041595458984375,0.3649458587169647,0.5934587121009827
0.06081942841410637,0.3143357038497925,0.6248448491096497
0.009213190525770187,0.8045127987861633,0.18627409636974335
0.05911901220679283,0.1597384363412857,0.7811425924301147
0.029094848781824112,0.3083396255970001,0.6625655293464661
0.04738214239478111,0.4287784695625305,0.5238393545150757
0.03220267966389656,0.39256104826927185,0.5752362608909607
0.06423059850931168,0.30578964948654175,0.6299797296524048
0.019887877628207207,0.18479987978935242,0.795312225818634
0.02759181149303913,0.5005620121955872,0.47184616327285767
0.01798149384558201,0.5678914189338684,0.41412708163261414
0.07642938941717148,0.1749774068593979,0.7485932111740112
0.07626696676015854,0.3159162998199463,0.6078166961669922
0.1629425436258316,0.1466376632452011,0.6904198527336121
0.018915291875600815,0.5832641124725342,0.39782053232192993
0.053532131016254425,0.3475372791290283,0.5989305377006531
0.025524470955133438,0.4405441880226135,0.533931314945221
0.8390421271324158,0.009266089648008347,0.15169179439544678
0.41927385330200195,0.029464561492204666,0.5512616634368896
0.12355851382017136,0.02500634454190731,0.8514352440834045
0.07174820452928543,0.2204839438199997,0.707767903804779
0.08564841002225876,0.15036992728710175,0.7639815807342529
0.9017595052719116,0.007614937145262957,0.09062552452087402
0.8709132075309753,0.012027670629322529,0.11705919355154037
0.04965231567621231,0.4852609932422638,0.46508660912513733
0.008188772946596146,0.8147581219673157,0.17705310881137848
0.14306142926216125,0.19042734801769257,0.6665111780166626
0.06064262241125107,0.1934560239315033,0.745901346206665
0.007672256790101528,0.8222256898880005,0.17010200023651123
0.008559659123420715,0.7463539838790894,0.24508637189865112
0.04478321224451065,0.3940778374671936,0.5611389875411987
0.07605496048927307,0.3684822618961334,0.5554627776145935
0.015533922240138054,0.6941636800765991,0.2903023958206177
0.02687261998653412,0.5940217971801758,0.3791055381298065
0.028888365253806114,0.43903648853302,0.5320751667022705
0.03254416584968567,0.508885383605957,0.4585704505443573
0.11710549145936966,0.22205941379070282,0.6608350276947021
0.05974096804857254,0.14598162472248077,0.7942773699760437
0.750953197479248,0.017618685960769653,0.23142817616462708
0.02413315139710903,0.5030384063720703,0.4728284478187561
0.05079454556107521,0.13033191859722137,0.8188734650611877
0.02261551283299923,0.5106913447380066,0.46669310331344604
0.017800217494368553,0.6383446455001831,0.3438551723957062
0.03092094510793686,0.2418636977672577,0.7272152900695801
0.0330527201294899,0.4632868766784668,0.5036603808403015
0.14253398776054382,0.046028655022382736,0.8114373683929443
0.12387895584106445,0.07868124544620514,0.797439694404602
0.011458447203040123,0.714678943157196,0.2738625705242157
0.025616377592086792,0.684432327747345,0.28995126485824585
0.015169120393693447,0.7526922225952148,0.23213867843151093
0.08575520664453506,0.3335933983325958,0.5806514024734497
0.030343428254127502,0.5589485168457031,0.41070809960365295
0.07519827783107758,0.2175213098526001,0.7072803974151611
0.07852349430322647,0.30946552753448486,0.6120109558105469
0.10365334153175354,0.1552436798810959,0.7411029934883118
0.21274107694625854,0.12741486728191376,0.6598440408706665
0.23126117885112762,0.052206091582775116,0.7165327668190002
0.024760238826274872,0.44030117988586426,0.534938633441925
0.07223354279994965,0.13076399266719818,0.7970024943351746
0.0303726177662611,0.4722570776939392,0.49737027287483215
0.09364307671785355,0.09822457283735275,0.8081322908401489
0.03239372372627258,0.43993401527404785,0.5276722311973572
0.09993620216846466,0.19468891620635986,0.7053748369216919
0.07507701218128204,0.14389166235923767,0.7810313105583191
0.08440299332141876,0.16970784962177277,0.7458891272544861
0.026647882536053658,0.65256667137146,0.32078540325164795
0.23415309190750122,0.0945536345243454,0.671293318271637
0.1332690715789795,0.2107854038476944,0.6559455394744873
0.14653454720973969,0.11399746686220169,0.7394680380821228
0.06456105411052704,0.2694024443626404,0.6660364866256714
0.07285690307617188,0.3655237555503845,0.5616192817687988
0.041078485548496246,0.3678440451622009,0.5910775065422058
0.010478847660124302,0.899325430393219,0.09019575268030167
0.05171108990907669,0.6429943442344666,0.3052945137023926
0.7142144441604614,0.07186843454837799,0.21391713619232178
0.016887662932276726,0.5534590482711792,0.42965325713157654
0.02552531473338604,0.596767783164978,0.377706915140152
0.04099200665950775,0.12683838605880737,0.8321695923805237
0.07451631873846054,0.341736376285553,0.5837472677230835
0.006800668314099312,0.8794594407081604,0.11373992264270782
0.017622577026486397,0.7440267205238342,0.23835070431232452
0.04647809639573097,0.2531741261482239,0.7003478407859802
0.021924056112766266,0.6028650403022766,0.37521088123321533
0.05353159084916115,0.4105565845966339,0.5359117984771729
0.04119665548205376,0.7678733468055725,0.19092993438243866
0.8722147941589355,0.01861652173101902,0.10916861146688461
0.16961710155010223,0.2695366144180298,0.5608462691307068
0.16301889717578888,0.11246141046285629,0.724519670009613
0.015230339020490646,0.6368048787117004,0.3479648232460022
0.21515867114067078,0.10916641354560852,0.6756749153137207
0.42852553725242615,0.0171266570687294,0.554347813129425
0.024499181658029556,0.6248892545700073,0.35061150789260864
0.06903243809938431,0.13523703813552856,0.7957305312156677
0.4518570005893707,0.017955880612134933,0.5301870703697205
0.029615910723805428,0.55677729845047,0.41360676288604736
0.11878683418035507,0.21195952594280243,0.6692535877227783
0.05497215315699577,0.593569815158844,0.3514580726623535
0.015094371512532234,0.7066347002983093,0.27827098965644836
0.04996257275342941,0.4158326983451843,0.5342047214508057
0.008267976343631744,0.7868755459785461,0.20485645532608032
0.02100018970668316,0.5721502900123596,0.40684959292411804
0.03646111115813255,0.38457179069519043,0.5789670944213867
0.011449499987065792,0.6925069093704224,0.2960435748100281
0.02610200271010399,0.20863711833953857,0.7652609348297119
0.04287201166152954,0.41378387808799744,0.5433440804481506
0.02098260447382927,0.6188071370124817,0.36021021008491516
0.020209431648254395,0.6586658954620361,0.3211246728897095
0.019498534500598907,0.558650553226471,0.42185086011886597
0.022666970267891884,0.5164010524749756,0.4609319269657135
0.1060183048248291,0.06468367576599121,0.8292980194091797
0.02158462256193161,0.4850574731826782,0.4933578670024872
0.44463250041007996,0.035363469272851944,0.5200040340423584
0.05859522148966789,0.1468164175748825,0.7945883274078369
0.018441883847117424,0.6594628095626831,0.3220953047275543
0.4974019229412079,0.013530301861464977,0.48906785249710083
0.019400358200073242,0.6655318737030029,0.31506773829460144
0.007191538345068693,0.8977198004722595,0.09508870542049408
0.008342389948666096,0.8216830492019653,0.16997456550598145
0.022847266867756844,0.601989209651947,0.37516355514526367
0.009916718117892742,0.833806574344635,0.15627676248550415
0.006990744732320309,0.8581780195236206,0.13483119010925293
0.01705738715827465,0.8258817195892334,0.15706096589565277
0.022847266867756844,0.601989209651947,0.37516355514526367
0.0401715449988842,0.7510492205619812,0.20877929031848907
0.949191689491272,0.008377342484891415,0.04243098944425583
0.0641091912984848,0.6352717280387878,0.30061906576156616
0.021902168169617653,0.607232391834259,0.37086549401283264
0.054964758455753326,0.3244350254535675,0.620600163936615
0.047829218208789825,0.7022338509559631,0.24993696808815002
0.0986376404762268,0.5886897444725037,0.31267261505126953
0.1087561771273613,0.262557715177536,0.6286861300468445
0.3847651183605194,0.07181660085916519,0.543418288230896
0.10576363652944565,0.3699478805065155,0.5242884755134583
0.0761122778058052,0.3866627514362335,0.5372250080108643
0.029759323224425316,0.7446408271789551,0.22559982538223267
0.012875420041382313,0.7711042761802673,0.21602030098438263
0.013014581985771656,0.7317820191383362,0.25520339608192444
0.01697077602148056,0.7573819756507874,0.22564728558063507
0.01691720262169838,0.7208148837089539,0.26226791739463806
0.014189409092068672,0.8751022219657898,0.11070836335420609
0.007855192758142948,0.7800291180610657,0.2121156007051468
0.02393176406621933,0.631026029586792,0.3450421988964081
0.013033981435000896,0.823043167591095,0.16392284631729126
0.008079159073531628,0.8269221782684326,0.16499866545200348
0.05976787954568863,0.6505908370018005,0.2896413207054138
0.016911190003156662,0.6719503998756409,0.31113842129707336
0.054573025554418564,0.3828241229057312,0.5626028776168823
0.038192056119441986,0.404152512550354,0.557655394077301
0.052690889686346054,0.28227123618125916,0.6650378108024597
0.031866904348134995,0.5588749051094055,0.4092581868171692
0.062103282660245895,0.24548649787902832,0.6924102902412415
0.04142960533499718,0.42589429020881653,0.532676100730896
0.005788430571556091,0.946808934211731,0.04740256443619728
0.010035398416221142,0.77940434217453,0.21056026220321655
0.01797012984752655,0.8153683543205261,0.16666153073310852
0.20930561423301697,0.30727025866508484,0.4834240972995758
0.8680766224861145,0.019219927489757538,0.11270351707935333
0.00927647203207016,0.7956008911132812,0.195122629404068
0.07501386106014252,0.21206742525100708,0.7129186987876892
0.007195202633738518,0.7872041463851929,0.20560064911842346
0.02383248507976532,0.6270639896392822,0.34910356998443604
0.013147619552910328,0.7588496804237366,0.22800268232822418
0.01390080526471138,0.8413408994674683,0.14475829899311066
0.012348067946732044,0.6658805012702942,0.32177144289016724
0.017486168071627617,0.4700441360473633,0.5124697089195251
0.011389095336198807,0.625173032283783,0.36343780159950256
0.017670508474111557,0.6710510849952698,0.31127843260765076
0.019009176641702652,0.5527189373970032,0.4282718598842621
0.07612312585115433,0.1574689894914627,0.7664079070091248
0.5726628303527832,0.022949816659092903,0.40438738465309143
0.053012408316135406,0.3052317202091217,0.6417558789253235
0.4411108195781708,0.01930377259850502,0.5395854115486145
0.06550688296556473,0.23945485055446625,0.6950381994247437
0.17502859234809875,0.32908549904823303,0.4958858788013458
0.05734272301197052,0.31336987018585205,0.6292874217033386
0.041180048137903214,0.39794570207595825,0.5608741641044617
0.04228827357292175,0.3396725058555603,0.6180391907691956
0.03298494592308998,0.6124089956283569,0.354606032371521
0.8918583393096924,0.013886518776416779,0.09425514936447144
0.19540295004844666,0.2707948684692383,0.5338022112846375
0.03339920565485954,0.3237961232662201,0.6428046822547913
0.04776989668607712,0.5138782858848572,0.4383518099784851
0.9696402549743652,0.008122209459543228,0.02223753184080124
0.1447291374206543,0.11433594673871994,0.7409349083900452
0.4096721410751343,0.14452263712882996,0.44580531120300293
0.015255102887749672,0.7352950572967529,0.2494497448205948
0.012662158347666264,0.7542807459831238,0.23305709660053253
0.04573158547282219,0.4462904632091522,0.5079779624938965
0.011524936184287071,0.6627600193023682,0.325715035200119
0.010738689452409744,0.7115265130996704,0.2777347266674042
0.04129345715045929,0.2896791398525238,0.6690273880958557
0.007709210738539696,0.8439611792564392,0.14832964539527893
0.2837628722190857,0.14395174384117126,0.5722853541374207
0.01880537159740925,0.5922660231590271,0.3889286518096924
0.03224891051650047,0.25434961915016174,0.7134014368057251
0.1763698011636734,0.08324579149484634,0.7403843402862549
0.2068316638469696,0.030236296355724335,0.7629320025444031
0.011072462424635887,0.8411597013473511,0.1477678120136261
0.2148432731628418,0.09133708477020264,0.6938196420669556
0.022543076425790787,0.599276065826416,0.37818077206611633
0.17202359437942505,0.15541623532772064,0.6725602149963379
0.05004377290606499,0.46003660559654236,0.48991960287094116
0.2292596697807312,0.09545530378818512,0.6752850413322449
0.06118614599108696,0.536263108253479,0.4025507867336273
0.11637948453426361,0.08303020894527435,0.8005902767181396
0.11041005700826645,0.16843217611312866,0.7211578488349915
0.010022616013884544,0.8257039785385132,0.1642734557390213
0.006807639263570309,0.8938549757003784,0.09933741390705109
0.0823836475610733,0.38114476203918457,0.5364715456962585
0.030505405738949776,0.6339385509490967,0.3355560898780823
0.030034536495804787,0.7481119632720947,0.22185353934764862
0.04200519248843193,0.3633365035057068,0.5946582555770874
0.012679030187427998,0.713691234588623,0.2736298143863678
0.011455041356384754,0.7544313073158264,0.23411358892917633
0.04093038663268089,0.586165189743042,0.37290439009666443
0.011549017392098904,0.6974872946739197,0.29096364974975586
0.011106896214187145,0.7613903880119324,0.22750267386436462
0.016673436388373375,0.734953761100769,0.24837280809879303
0.017234113067388535,0.7362278699874878,0.24653801321983337
0.06924772262573242,0.3857201039791107,0.5450322031974792
0.02237575501203537,0.731045126914978,0.2465791553258896
0.015835359692573547,0.6525710821151733,0.3315935432910919
0.05328518897294998,0.41381874680519104,0.532896101474762
0.021622614935040474,0.6344609260559082,0.3439164459705353
0.04118024930357933,0.3359173536300659,0.6229023933410645
0.04241368919610977,0.41060230135917664,0.5469840168952942
0.027566837146878242,0.6797264218330383,0.292706698179245
0.013784753158688545,0.6442989706993103,0.3419162929058075
0.011136900633573532,0.7550567388534546,0.23380635678768158
0.008571678772568703,0.8578638434410095,0.13356445729732513
0.010902708396315575,0.6936771869659424,0.2954201102256775
0.17113040387630463,0.07707693427801132,0.7517926692962646
0.006840546149760485,0.8754308819770813,0.11772862076759338
0.007918518036603928,0.865763247013092,0.12631818652153015
0.4583319425582886,0.056292492896318436,0.4853755533695221
0.022525999695062637,0.16160397231578827,0.8158699870109558
0.005879822187125683,0.8241061568260193,0.17001399397850037
0.00813776720315218,0.7838541269302368,0.2080080658197403
0.027672817930579185,0.7494222521781921,0.22290487587451935
0.01299963053315878,0.8364079594612122,0.15059241652488708
0.23110394179821014,0.47426319122314453,0.2946328818798065
0.8656227588653564,0.02887551486492157,0.10550178587436676
0.018397608771920204,0.6452689170837402,0.3363335430622101
0.010824385099112988,0.7568239569664001,0.2323516607284546
0.05913292244076729,0.020320160314440727,0.9205468893051147
0.053295839577913284,0.26993873715400696,0.6767654418945312
0.04492504522204399,0.5539839863777161,0.40109097957611084
0.015633687376976013,0.45148998498916626,0.5328764319419861
0.01642635092139244,0.7574974894523621,0.2260761708021164
0.05665351822972298,0.5275682806968689,0.4157782196998596
0.010297184810042381,0.8560255765914917,0.13367725908756256
0.6658501029014587,0.032825738191604614,0.30132415890693665
0.038860782980918884,0.6138184666633606,0.34732070565223694
0.0904223695397377,0.11090065538883209,0.7986769676208496
0.15150845050811768,0.1786138266324997,0.6698777079582214
0.06325383484363556,0.11418478190898895,0.8225614428520203
0.13346274197101593,0.09630069136619568,0.7702365517616272
0.13716740906238556,0.009614176116883755,0.8532184362411499
0.2868945598602295,0.024167168885469437,0.6889382600784302
0.11821801215410233,0.05549721419811249,0.8262847661972046
0.08096238225698471,0.039506539702415466,0.8795310854911804
0.0327046774327755,0.19029255211353302,0.7770028114318848
0.06741169095039368,0.05240880697965622,0.8801794052124023
0.016865689307451248,0.760837733745575,0.22229662537574768
0.03876078501343727,0.6695867776870728,0.2916524410247803
0.02146209590137005,0.6304288506507874,0.34810906648635864
0.09810949116945267,0.17637766897678375,0.7255128622055054
0.03495391830801964,0.4228471517562866,0.5421989560127258
0.026389308273792267,0.558064877986908,0.4155457615852356
0.008982484228909016,0.8101752400398254,0.1808422952890396
0.04229500889778137,0.5124610662460327,0.4452439248561859
0.7895618081092834,0.02274782769382,0.1876903921365738
0.018324188888072968,0.7187843322753906,0.2628915011882782
0.14271821081638336,0.20323441922664642,0.6540473699569702
0.02224198542535305,0.5050804615020752,0.4726775884628296
0.011231896467506886,0.5930860042572021,0.39568209648132324
0.03302702680230141,0.5060654282569885,0.46090754866600037
0.025996385142207146,0.5206153392791748,0.45338836312294006
0.020527930930256844,0.314475953578949,0.6649960875511169
0.014468856155872345,0.7143867611885071,0.27114439010620117
0.04053565859794617,0.1933199018239975,0.7661443948745728
0.08125405013561249,0.10384590923786163,0.8149000406265259
0.00627154391258955,0.9288129210472107,0.0649154931306839
0.2881513833999634,0.24205228686332703,0.4697963297367096
0.013524748384952545,0.7106128334999084,0.275862455368042
0.7834687829017639,0.022733844816684723,0.19379743933677673
0.12573345005512238,0.17830248177051544,0.6959640383720398
0.08128722012042999,0.41749781370162964,0.5012149810791016
0.7875148057937622,0.010510340332984924,0.20197486877441406
0.007671383209526539,0.8253123760223389,0.16701625287532806
0.006190495099872351,0.901007354259491,0.09280217438936234
0.010159298777580261,0.8719490170478821,0.11789163202047348
0.012678937055170536,0.8377333879470825,0.1495877355337143
0.008215553127229214,0.890422523021698,0.10136198997497559
0.030748985707759857,0.5297206044197083,0.4395303726196289
0.011639688163995743,0.6579899787902832,0.33037039637565613
0.013176718726754189,0.721276581287384,0.26554667949676514
0.06309358775615692,0.30717864632606506,0.6297277808189392
0.038650158792734146,0.2355416715145111,0.7258082628250122
0.03012215346097946,0.43915021419525146,0.5307276248931885
0.10513897240161896,0.0542488768696785,0.8406122326850891
0.014815017580986023,0.7204610109329224,0.26472392678260803
0.00938465353101492,0.8147264122962952,0.17588885128498077
0.032054703682661057,0.5851762890815735,0.38276901841163635
0.01216989103704691,0.709835410118103,0.27799472212791443
0.012766800820827484,0.6469213366508484,0.34031179547309875
0.2186974585056305,0.20658373832702637,0.5747187733650208
0.010756201110780239,0.7764754295349121,0.21276837587356567
0.07660984992980957,0.34000128507614136,0.5833888649940491
0.014725977554917336,0.7933071255683899,0.19196684658527374
0.013077824376523495,0.7484202980995178,0.2385019063949585
0.05950934439897537,0.5851085782051086,0.3553820550441742
0.08499772846698761,0.6220694780349731,0.29293274879455566
0.012636975385248661,0.8267488479614258,0.16061419248580933
0.014702219516038895,0.7463057637214661,0.23899194598197937
0.009416598826646805,0.7717981338500977,0.21878531575202942
0.1202445700764656,0.3538333773612976,0.5259220600128174
0.12824448943138123,0.3600431978702545,0.5117123126983643
0.023471064865589142,0.6375508308410645,0.3389781415462494
0.016212645918130875,0.5586086511611938,0.4251787066459656
0.017427830025553703,0.6955001950263977,0.28707194328308105
0.015328162349760532,0.6587972640991211,0.32587453722953796
0.033996112644672394,0.047957293689250946,0.9180465340614319
0.024986404925584793,0.5583847761154175,0.4166288673877716
0.013645492494106293,0.6215485334396362,0.3648059368133545
0.021101191639900208,0.38692066073417664,0.591978132724762
0.009245469234883785,0.7743799090385437,0.21637468039989471
0.013607615604996681,0.4675188958644867,0.5188735127449036
0.018118375912308693,0.7089231610298157,0.2729583978652954
0.014412080869078636,0.7429517507553101,0.24263614416122437
0.04085243493318558,0.16110113263130188,0.7980464696884155
0.006505024619400501,0.8074800372123718,0.18601495027542114
0.007306681480258703,0.8884157538414001,0.10427764058113098
0.12863051891326904,0.047162093222141266,0.8242073655128479
0.013432902283966541,0.8002246022224426,0.18634246289730072
0.018908686935901642,0.741912305355072,0.23917895555496216
0.05273011326789856,0.31255578994750977,0.6347141265869141
0.06450536847114563,0.17233891785144806,0.7631556987762451
0.08762943744659424,0.20508897304534912,0.7072815895080566
0.05900011211633682,0.26953721046447754,0.6714626550674438
0.017994271591305733,0.6435613632202148,0.33844438195228577
0.04234560951590538,0.2996215224266052,0.6580328345298767
0.02626499906182289,0.3109791576862335,0.6627558469772339
0.03947282209992409,0.35081174969673157,0.609715461730957
0.016234923154115677,0.5545142889022827,0.4292508363723755
0.04523257166147232,0.47278642654418945,0.48198097944259644
0.43933233618736267,0.13211096823215485,0.4285566508769989
0.4059559404850006,0.04190700501203537,0.5521370768547058
0.3657188415527344,0.03877003863453865,0.5955111384391785
0.01826045662164688,0.5645291805267334,0.4172104001045227
0.16554400324821472,0.12664535641670227,0.707810640335083
0.8260993957519531,0.01702745631337166,0.1568732112646103
0.07078014314174652,0.306018590927124,0.6232012510299683
0.033190544694662094,0.412303626537323,0.5545058250427246
0.025944096967577934,0.5901516675949097,0.38390424847602844
0.08503337949514389,0.23176108300685883,0.6832055449485779
0.14948688447475433,0.2560262382030487,0.5944868922233582
0.13220776617527008,0.21479880809783936,0.652993381023407
0.011845346540212631,0.828271210193634,0.1598834991455078
0.019216932356357574,0.6056387424468994,0.375144362449646
0.07703908532857895,0.3652706742286682,0.5576902031898499
0.012880004942417145,0.6597275137901306,0.32739248871803284
0.009907280094921589,0.8286452889442444,0.1614474207162857
0.0161502156406641,0.7247964143753052,0.25905346870422363
0.012757353484630585,0.7793429493904114,0.20789974927902222
0.07472743839025497,0.36368662118911743,0.5615859627723694
0.01911310665309429,0.6154950261116028,0.36539193987846375
0.42807111144065857,0.029440205544233322,0.5424886345863342
0.13069137930870056,0.05367422103881836,0.8156343698501587
0.031547293066978455,0.6486948728561401,0.319757878780365
0.020514603704214096,0.47751936316490173,0.5019659996032715
0.4203176200389862,0.04026181995868683,0.539420485496521
0.06839314103126526,0.3966743052005768,0.5349324941635132
0.044443391263484955,0.6113275289535522,0.3442291021347046
0.02712799236178398,0.6268336176872253,0.3460383713245392
0.10633045434951782,0.02104821987450123,0.8726212978363037
0.013381527736783028,0.732663631439209,0.25395482778549194
0.01174879353493452,0.5544896721839905,0.4337615370750427
0.009436621330678463,0.6804100275039673,0.31015336513519287
0.021984631195664406,0.6576291918754578,0.32038623094558716
0.020929599180817604,0.5378127098083496,0.4412577450275421
0.018949877470731735,0.5835990905761719,0.3974509835243225
0.007096805609762669,0.762458860874176,0.23044438660144806
0.00513816624879837,0.8230350613594055,0.17182670533657074
0.006706687621772289,0.8850971460342407,0.1081962063908577
0.015637613832950592,0.8455210328102112,0.1388414055109024
0.0060320352204144,0.9260105490684509,0.06795754283666611
0.013457301072776318,0.7623145580291748,0.22422809898853302
0.010058966465294361,0.7479796409606934,0.24196140468120575
0.062416721135377884,0.4379512071609497,0.4996320903301239
0.03589537739753723,0.40538039803504944,0.5587242245674133
0.009083368815481663,0.7588480114936829,0.23206861317157745
0.013799468986690044,0.6744088530540466,0.31179168820381165
0.006310076918452978,0.8371249437332153,0.15656492114067078
0.026191450655460358,0.4454069137573242,0.5284016132354736
0.01891334354877472,0.5505512356758118,0.4305354654788971
0.00513495784252882,0.9147106409072876,0.08015437424182892
0.03618976101279259,0.6267529129981995,0.33705732226371765
0.09410470724105835,0.38403618335723877,0.5218591094017029
0.030634399503469467,0.5598328113555908,0.4095327854156494
0.017438743263483047,0.36483514308929443,0.6177261471748352
0.05352088809013367,0.45871609449386597,0.48776307702064514
0.019783176481723785,0.5698952078819275,0.4103216230869293
0.023535463958978653,0.527925431728363,0.44853904843330383
0.025508008897304535,0.5254348516464233,0.4490571916103363
0.029446883127093315,0.3725437521934509,0.5980092883110046
0.008695174939930439,0.7662335634231567,0.2250712662935257
0.03952853009104729,0.2491380125284195,0.7113334536552429
0.02131298929452896,0.47100138664245605,0.5076857209205627
0.009262005798518658,0.753320038318634,0.23741793632507324
0.03146682307124138,0.3643302619457245,0.6042028665542603
0.040305692702531815,0.39394861459732056,0.5657456517219543
0.05506926402449608,0.1925840973854065,0.7523466348648071
0.15733252465724945,0.13626325130462646,0.7064041495323181
0.05175069719552994,0.2597472369670868,0.6885020732879639
0.07007665187120438,0.19888848066329956,0.7310349345207214
0.13902390003204346,0.5198450088500977,0.3411310911178589
0.03960086405277252,0.38869646191596985,0.5717026591300964
0.020555133000016212,0.5859687924385071,0.39347609877586365
0.05873163789510727,0.3594072461128235,0.5818610787391663
0.023160001263022423,0.5207293629646301,0.4561106860637665
0.060569532215595245,0.6850479245185852,0.25438255071640015
0.02122092805802822,0.47277265787124634,0.5060064196586609
0.033479318022727966,0.3370448052883148,0.6294758915901184
0.08184103667736053,0.3617720901966095,0.5563868880271912
0.009430945850908756,0.8093876242637634,0.181181401014328
0.017496131360530853,0.6839861869812012,0.2985175848007202
0.038259558379650116,0.5442660450935364,0.4174744188785553
0.21889068186283112,0.3093544542789459,0.47175490856170654
0.45633113384246826,0.07850142568349838,0.465167373418808
0.03826713189482689,0.5528334975242615,0.4088993966579437
0.05540859326720238,0.3175511658191681,0.6270402073860168
0.03919455036520958,0.428162544965744,0.5326429009437561
0.018408898264169693,0.5336683392524719,0.4479227662086487
0.02041161246597767,0.6391693949699402,0.3404189348220825
0.011296610347926617,0.7374469041824341,0.2512564957141876
0.09712563455104828,0.16802075505256653,0.7348535656929016
0.005383282899856567,0.9221594929695129,0.07245726138353348
0.28633350133895874,0.1546461135149002,0.5590204000473022
0.006520370487123728,0.8733753561973572,0.12010426819324493
0.19304847717285156,0.24469923973083496,0.5622522830963135
0.03535096347332001,0.6648695468902588,0.2997795045375824
0.015009457245469093,0.8149682283401489,0.17002235352993011
0.009629644453525543,0.7505173683166504,0.23985297977924347
0.02329838089644909,0.5530133843421936,0.42368823289871216
0.005677393637597561,0.8893977999687195,0.10492479801177979
0.03620629757642746,0.5695077180862427,0.39428600668907166
0.013659211806952953,0.6636310815811157,0.32270970940589905
0.02680276148021221,0.7335134148597717,0.2396838366985321
0.017327498644590378,0.7962960600852966,0.1863764524459839
0.04029742255806923,0.2622186243534088,0.6974839568138123
0.037504907697439194,0.42522135376930237,0.5372737646102905
0.049528297036886215,0.44429072737693787,0.5061809420585632
0.015036449767649174,0.7629546523094177,0.22200889885425568
0.05988772585988045,0.20948322117328644,0.7306290864944458
0.18081587553024292,0.24210767447948456,0.5770764350891113
0.12555010616779327,0.10776906460523605,0.7666808366775513
0.058981213718652725,0.5568886399269104,0.3841301500797272
0.05401546508073807,0.29366737604141235,0.6523171663284302
0.040691930800676346,0.17649222910404205,0.7828158736228943
0.08453094959259033,0.44557464122772217,0.4698944389820099
0.19679220020771027,0.03262949734926224,0.7705783247947693
0.039414241909980774,0.45074254274368286,0.5098432302474976
0.011529013514518738,0.704376220703125,0.28409475088119507
0.48328834772109985,0.17823900282382965,0.3384726047515869
0.594225287437439,0.12895967066287994,0.2768150269985199
0.030821630731225014,0.5225001573562622,0.4466782212257385
0.007587497588247061,0.772464394569397,0.21994808316230774
0.009475101716816425,0.7999453544616699,0.19057954847812653
0.6874862909317017,0.08374671638011932,0.2287670224905014
0.018946733325719833,0.6244034171104431,0.35664984583854675
0.007539269980043173,0.8004560470581055,0.1920047253370285
0.02135043404996395,0.6667569875717163,0.31189265847206116
0.0134828370064497,0.7928094267845154,0.19370776414871216
0.0219220370054245,0.7693026065826416,0.2087753266096115
0.035736411809921265,0.5878246426582336,0.3764389753341675
0.12007267028093338,0.634154736995697,0.2457726150751114
0.006749062333256006,0.8958582878112793,0.09739261120557785
0.0483597069978714,0.07889458537101746,0.87274569272995
0.009174220263957977,0.7973924875259399,0.19343334436416626
0.006926209665834904,0.887962818145752,0.10511096566915512
0.4722209572792053,0.05538894608616829,0.4723900556564331
0.035107627511024475,0.7172567248344421,0.2476356327533722
0.37269821763038635,0.10846928507089615,0.5188325047492981
0.2704688012599945,0.267979234457016,0.4615519940853119
0.783639669418335,0.01731286384165287,0.19904747605323792
0.23387712240219116,0.09385278075933456,0.6722701191902161
0.8457964062690735,0.03344756364822388,0.12075602263212204
0.006577182095497847,0.8592935800552368,0.13412919640541077
0.4041314721107483,0.10924094170331955,0.48662757873535156
0.023886919021606445,0.6886690855026245,0.28744399547576904
0.28558599948883057,0.0764412060379982,0.6379727721214294
0.006424740422517061,0.8766266703605652,0.11694855242967606
0.04745246842503548,0.45381081104278564,0.498736709356308
0.02033938840031624,0.5435775518417358,0.436083048582077
0.03920970857143402,0.3949757218360901,0.5658145546913147
0.016734806820750237,0.6266396641731262,0.3566255569458008
0.017148802056908607,0.6219227313995361,0.360928475856781
0.06494767963886261,0.3672710657119751,0.5677812695503235
0.03162720054388046,0.46115630865097046,0.5072165131568909
0.009434201754629612,0.8024342060089111,0.18813154101371765
0.038466744124889374,0.11135579645633698,0.8501774072647095
0.010165228508412838,0.8761003017425537,0.11373449862003326
0.020590266212821007,0.609367311000824,0.3700423240661621
0.014154864475131035,0.759931206703186,0.22591395676136017
0.007495921105146408,0.8672617077827454,0.12524238228797913
0.0056087663397192955,0.897759199142456,0.09663204103708267
0.039963096380233765,0.641227126121521,0.31880977749824524
0.02144818939268589,0.6431459784507751,0.33540576696395874
0.019781051203608513,0.5998007655143738,0.3804181218147278
0.025213787332177162,0.2725974917411804,0.7021887302398682
0.03196185082197189,0.4721910357475281,0.4958471357822418
0.024107983335852623,0.608456015586853,0.367436021566391
0.022198600694537163,0.549401581287384,0.4283998906612396
0.10844516009092331,0.04779903590679169,0.843755841255188
0.04088662564754486,0.24788597226142883,0.7112274169921875
0.05947493389248848,0.1644905060529709,0.7760345935821533
0.028162997215986252,0.2327512949705124,0.7390857934951782
0.016111988574266434,0.7665696144104004,0.21731847524642944
0.018587641417980194,0.5795536041259766,0.40185877680778503
0.020113445818424225,0.6525799632072449,0.3273066282272339
0.09214747697114944,0.21227355301380157,0.6955789923667908
0.014398944564163685,0.755147397518158,0.23045358061790466
0.03488209471106529,0.6501938104629517,0.3149241507053375
0.009712004102766514,0.8068522214889526,0.18343576788902283
0.01085580326616764,0.8463208675384521,0.14282332360744476
0.03249816596508026,0.6303223967552185,0.33717942237854004
0.014231469482183456,0.7422544956207275,0.2435140460729599
0.021692169830203056,0.7706887722015381,0.20761902630329132
0.00982295535504818,0.8265607357025146,0.1636163294315338
0.08026988804340363,0.5213435888290405,0.39838647842407227
0.04476180672645569,0.5367292165756226,0.41850897669792175
0.016367819160223007,0.8362643122673035,0.147367924451828
0.013375042006373405,0.7378919720649719,0.2487330436706543
0.024989847093820572,0.547724187374115,0.42728593945503235
0.032470766454935074,0.2134668231010437,0.7540624141693115
0.018571415916085243,0.7173612713813782,0.26406726241111755
0.12958364188671112,0.2585581839084625,0.6118582487106323
0.054855845868587494,0.3572239875793457,0.5879202485084534
0.021092377603054047,0.5379289984703064,0.44097867608070374
0.011321038007736206,0.7158433198928833,0.27283555269241333
0.019776567816734314,0.5963634252548218,0.3838599920272827
0.047015510499477386,0.2954758107662201,0.6575087308883667
0.012076904065907001,0.7896530032157898,0.1982700675725937
0.010870763100683689,0.7718228697776794,0.21730636060237885
0.01807384192943573,0.6492891907691956,0.3326369822025299
0.011854545213282108,0.690988302230835,0.2971571087837219
0.012304233387112617,0.7168972492218018,0.27079856395721436
0.035279180854558945,0.17369528114795685,0.7910255789756775
0.009473764337599277,0.6624655723571777,0.32806065678596497
0.009623176418244839,0.8089065551757812,0.18147031962871552
0.00457613542675972,0.9120599031448364,0.08336389809846878
0.008658247999846935,0.7396612763404846,0.251680463552475
0.007427180651575327,0.7738960981369019,0.21867665648460388
0.02019856870174408,0.4406339228153229,0.5391675233840942
0.013401305302977562,0.6020388007164001,0.3845599293708801
0.008626158349215984,0.8054823875427246,0.18589140474796295
0.007877765223383904,0.8193100094795227,0.17281222343444824
0.024632366374135017,0.5565899610519409,0.4187776446342468
0.0364249013364315,0.3799422085285187,0.5836328864097595
0.07776515185832977,0.20923087000846863,0.7130039930343628
0.011972259730100632,0.7529252171516418,0.2351025491952896
0.012033305130898952,0.6020422577857971,0.38592445850372314
0.018879219889640808,0.42488834261894226,0.5562324523925781
0.009663130156695843,0.6809662580490112,0.30937063694000244
0.023621095344424248,0.4029930531978607,0.5733859539031982
0.04915596917271614,0.5432900786399841,0.40755391120910645
0.006811740342527628,0.8678572773933411,0.12533098459243774
0.008822093717753887,0.9063054919242859,0.08487238734960556
0.034832973033189774,0.3482431173324585,0.6169239282608032
0.013413863256573677,0.670078456401825,0.3165076673030853
0.018077082931995392,0.619602620601654,0.3623202443122864
0.028617586940526962,0.48023730516433716,0.4911451041698456
0.020413877442479134,0.6080034971237183,0.37158259749412537
0.0165146104991436,0.5389611721038818,0.44452428817749023
0.025984426960349083,0.5068092346191406,0.46720635890960693
0.018430331721901894,0.5989924669265747,0.38257718086242676
0.007620663847774267,0.8519921898841858,0.1403871774673462
0.01123396959155798,0.7467389702796936,0.24202696979045868
0.01475554145872593,0.7466105222702026,0.23863397538661957
0.03167352080345154,0.4637046456336975,0.5046218037605286
0.09394434839487076,0.2624300420284271,0.6436256766319275
0.014513656497001648,0.7127516269683838,0.27273470163345337
0.03584608435630798,0.6734801530838013,0.29067373275756836
0.025247927755117416,0.7458370923995972,0.22891497611999512
0.06875970214605331,0.6024770736694336,0.3287631571292877
0.03727412596344948,0.5180632472038269,0.44466257095336914
0.010259960778057575,0.856045663356781,0.1336943656206131
0.033586349338293076,0.672933042049408,0.29348060488700867
0.018423249945044518,0.6010026335716248,0.380574107170105
0.020467469468712807,0.7698485255241394,0.20968401432037354
0.024645023047924042,0.4961470365524292,0.4792079031467438
0.06288810819387436,0.5503695607185364,0.38674235343933105
0.04192313924431801,0.2825728952884674,0.6755039691925049
0.042580846697092056,0.48491182923316956,0.47250738739967346
0.02147345244884491,0.7007703185081482,0.2777562141418457
0.024809477850794792,0.47501108050346375,0.5001794099807739
0.017320698127150536,0.7158938646316528,0.26678547263145447
0.04718220233917236,0.3110595643520355,0.6417582631111145
0.11551392078399658,0.22801755368709564,0.6564685702323914
0.41451168060302734,0.051703065633773804,0.5337852239608765
0.016725637018680573,0.7756760120391846,0.20759829878807068
0.0063893748447299,0.8290531039237976,0.16455751657485962
0.11577120423316956,0.21791280806064606,0.666316032409668
0.0073627023957669735,0.8817903399467468,0.11084698140621185
0.3286149203777313,0.0823732316493988,0.5890118479728699
0.016791563481092453,0.7670103907585144,0.21619807183742523
0.19567829370498657,0.2394081950187683,0.5649135708808899
0.02956448495388031,0.5815438628196716,0.38889172673225403
0.029594499617815018,0.7538700699806213,0.21653541922569275
0.10553659498691559,0.48365649580955505,0.4108068645000458
0.010759891010820866,0.8339225649833679,0.1553175449371338
0.011031954549252987,0.7897615432739258,0.19920647144317627
0.13070739805698395,0.04633554816246033,0.8229570984840393
0.005579490680247545,0.8976384401321411,0.09678208827972412
0.021141299977898598,0.4769388437271118,0.5019198656082153
0.0052066403441131115,0.9093879461288452,0.08540548384189606
0.014683373272418976,0.747723400592804,0.23759321868419647
0.010725297033786774,0.8029230833053589,0.1863516867160797
0.01088960561901331,0.710252046585083,0.27885836362838745
0.006117369048297405,0.8286973237991333,0.16518534719944
0.00935243908315897,0.894524097442627,0.09612347185611725
0.016126764938235283,0.4069628417491913,0.5769103765487671
0.005981263238936663,0.8700923919677734,0.1239263266324997
0.01631975546479225,0.614588737487793,0.3690914511680603
0.0146743543446064,0.6289671659469604,0.35635849833488464
0.009899934753775597,0.7733967304229736,0.21670334041118622
0.009128020144999027,0.5597144365310669,0.43115758895874023
0.036237992346286774,0.32299497723579407,0.6407670378684998
0.009213299490511417,0.7316646575927734,0.2591220438480377
0.04870149493217468,0.16988788545131683,0.7814106345176697
0.013102062977850437,0.6264322996139526,0.3604655861854553
0.01595568284392357,0.5923479795455933,0.39169633388519287
0.017003821209073067,0.38351449370384216,0.5994816422462463
0.01155991293489933,0.6903484463691711,0.2980916202068329
0.014948387630283833,0.7342548966407776,0.25079673528671265
0.018593473359942436,0.7091621160507202,0.2722444534301758
0.027358485385775566,0.32767876982688904,0.644962728023529
0.02498011663556099,0.6121180057525635,0.362901896238327
0.008671760559082031,0.7061824202537537,0.2851458191871643
0.01762262172996998,0.6292365789413452,0.3531408905982971
0.01592017337679863,0.6712757349014282,0.31280404329299927
0.10903291404247284,0.136871799826622,0.754095196723938
0.00689725810661912,0.8631614446640015,0.12994125485420227
0.017235634848475456,0.7717099785804749,0.21105435490608215
0.012673748657107353,0.7924622297286987,0.19486401975154877
0.02757011353969574,0.5317476391792297,0.4406822621822357
0.062244217842817307,0.07869323343038559,0.8590624928474426
0.014040039852261543,0.5329440832138062,0.45301592350006104
0.06695619225502014,0.1921384036540985,0.7409054040908813
0.040453359484672546,0.46218740940093994,0.4973592162132263
0.006554194260388613,0.8924715518951416,0.10097422450780869
0.012988793663680553,0.6854232549667358,0.3015879690647125
0.038017213344573975,0.6877935528755188,0.2741892635822296
0.9355347752571106,0.005051258951425552,0.059414029121398926
0.06773009896278381,0.37399858236312866,0.5582713484764099
0.017569009214639664,0.3864210247993469,0.5960099101066589
0.021013861522078514,0.3475854992866516,0.6314006447792053
0.01381530798971653,0.5172009468078613,0.4689837694168091
0.037607137113809586,0.310820996761322,0.6515718698501587
0.008051705546677113,0.8073523640632629,0.1845959722995758
0.014586047269403934,0.5735800266265869,0.41183391213417053
0.008573528379201889,0.6899057030677795,0.30152082443237305
0.04162941128015518,0.2691255211830139,0.6892449855804443
0.012870127335190773,0.7161282896995544,0.27100154757499695
0.17695432901382446,0.012811281718313694,0.8102344274520874
0.07551045715808868,0.22336021065711975,0.7011293172836304
0.009958342649042606,0.6834468841552734,0.3065948188304901
0.1288144588470459,0.2141641527414322,0.6570214033126831
0.016246464103460312,0.6478759050369263,0.3358776271343231
0.09811607748270035,0.23696298897266388,0.6649209856987
0.35546553134918213,0.0457683689892292,0.5987661480903625
0.05332552641630173,0.15988409519195557,0.7867903113365173
0.05606038495898247,0.2697720527648926,0.6741675734519958
0.05276796221733093,0.17230112850666046,0.7749309539794922
0.021033840253949165,0.5604252815246582,0.4185408651828766
0.12573030591011047,0.3124053478240967,0.5618643760681152
0.08937574923038483,0.23981763422489166,0.6708065867424011
0.2342093139886856,0.04619111120700836,0.7195995450019836
0.050105322152376175,0.6714463233947754,0.27844834327697754
0.08148661255836487,0.3771438002586365,0.5413695573806763
0.8696677088737488,0.0036828434094786644,0.12664945423603058
0.011064358055591583,0.7736379504203796,0.21529768407344818
0.027523184195160866,0.5753154754638672,0.3971613645553589
0.009124495089054108,0.7763372659683228,0.21453817188739777
0.022856932133436203,0.6381790041923523,0.3389641046524048
0.007374686188995838,0.7829083800315857,0.20971699059009552
0.03973649442195892,0.2049281746149063,0.75533527135849
0.015587950125336647,0.7084192037582397,0.2759927809238434
0.016305973753333092,0.7670008540153503,0.21669308841228485
0.012419316917657852,0.7972021102905273,0.19037851691246033
0.07384971529245377,0.673726499080658,0.2524237632751465
0.02488299459218979,0.23078559339046478,0.7443314790725708
0.01023433730006218,0.8465214967727661,0.14324422180652618
0.45397523045539856,0.07954519987106323,0.46647951006889343
0.025023318827152252,0.6014331579208374,0.37354350090026855
0.013710842467844486,0.6283031105995178,0.35798606276512146
0.021862098947167397,0.5362012982368469,0.4419366121292114
0.010037250816822052,0.8015879988670349,0.18837469816207886
0.04054281488060951,0.2590668499469757,0.7003903388977051
0.03685931861400604,0.2625490725040436,0.7005915641784668
0.014883254654705524,0.5899105668067932,0.39520615339279175
0.017365416511893272,0.6277807950973511,0.3548537492752075
0.01934601366519928,0.57991623878479,0.4007377624511719
0.01945548877120018,0.5654151439666748,0.4151293635368347
0.012154591269791126,0.7649759650230408,0.22286942601203918
0.006285917945206165,0.8997089266777039,0.09400512278079987
0.5271925926208496,0.05765505135059357,0.41515234112739563
0.03546193614602089,0.49683576822280884,0.4677022397518158
0.03933313861489296,0.17446225881576538,0.7862045764923096
0.026067931205034256,0.17812824249267578,0.7958038449287415
0.039002351462841034,0.019069526344537735,0.9419282078742981
0.0810365304350853,0.020521441474556923,0.8984420895576477
0.029801145195961,0.2007790207862854,0.7694199085235596
0.031056568026542664,0.23314115405082703,0.7358022928237915
0.611801028251648,0.040738508105278015,0.3474605083465576
0.021053219214081764,0.43065115809440613,0.5482956171035767
0.04289960116147995,0.35790833830833435,0.5991920828819275
0.015023182146251202,0.5590587854385376,0.42591801285743713
0.024282613769173622,0.6652945876121521,0.31042277812957764
0.1303941160440445,0.14964500069618225,0.7199608683586121
0.007279007695615292,0.8398666977882385,0.15285423398017883
0.019959157332777977,0.7151684165000916,0.2648724615573883
0.02517804317176342,0.6497578620910645,0.325064092874527
0.015956347808241844,0.5188819169998169,0.4651617705821991
0.044542860239744186,0.4230160415172577,0.5324410796165466
0.04418112710118294,0.4115563929080963,0.5442624688148499
0.024717403575778008,0.5747023224830627,0.4005802869796753
0.008222163654863834,0.8991841077804565,0.09259366244077682
0.008670734241604805,0.8197254538536072,0.17160382866859436
0.01196056604385376,0.7019981145858765,0.2860413193702698
0.027178380638360977,0.582024097442627,0.39079749584198
0.006401638500392437,0.8464738130569458,0.1471245139837265
0.007564562372863293,0.7407780885696411,0.2516573965549469
0.02300921455025673,0.35547423362731934,0.6215165257453918
0.02779153361916542,0.4622724950313568,0.5099359750747681
0.035767778754234314,0.42811092734336853,0.5361213088035583
0.04240125045180321,0.6465913653373718,0.31100741028785706
0.019142625853419304,0.4782034456729889,0.502653956413269
0.06750266999006271,0.4506155848503113,0.4818817377090454
0.015285312198102474,0.5659615397453308,0.41875314712524414
0.017167236655950546,0.4660212993621826,0.5168114900588989
0.03149431571364403,0.29785165190696716,0.6706540584564209
0.009785945527255535,0.726166307926178,0.2640478014945984
0.01389687042683363,0.6998752951622009,0.286227822303772
0.019922448322176933,0.23474206030368805,0.7453355193138123
0.020605264231562614,0.44468235969543457,0.5347123742103577
0.06952651590108871,0.32943999767303467,0.6010334491729736
0.012020698748528957,0.6872940063476562,0.300685316324234
0.007258401717990637,0.8580653071403503,0.13467620313167572
0.02228197641670704,0.5200010538101196,0.4577169716358185
0.018070539459586143,0.49470406770706177,0.48722541332244873
0.039152488112449646,0.2637178599834442,0.6971297264099121
0.013031364418566227,0.6825811266899109,0.30438753962516785
0.022174395620822906,0.5596047639846802,0.4182209074497223
0.013410774990916252,0.7869265079498291,0.19966274499893188
0.010843726806342602,0.7569664716720581,0.23218972980976105
0.02924918569624424,0.5272285342216492,0.44352224469184875
0.010685917921364307,0.75691157579422,0.23240244388580322
0.015591714531183243,0.8060133457183838,0.17839498817920685
0.08778532594442368,0.3689563572406769,0.5432583689689636
0.015092688612639904,0.6745768785476685,0.31033042073249817
0.013310061767697334,0.7284446954727173,0.2582452595233917
0.021128615364432335,0.6629802584648132,0.31589117646217346
0.11272431164979935,0.23928560316562653,0.6479900479316711
0.030048560351133347,0.371589720249176,0.5983616709709167
0.03411851450800896,0.6466167569160461,0.3192647397518158
0.016498945653438568,0.6165479421615601,0.3669531047344208
0.22568129003047943,0.027277028188109398,0.747041642665863
0.03416125848889351,0.4422747790813446,0.5235639810562134
0.8897075057029724,0.006663918495178223,0.10362856835126877
0.009933960624039173,0.8336102366447449,0.15645581483840942
0.013803568668663502,0.663181722164154,0.3230147063732147
0.02013511210680008,0.662575900554657,0.31728893518447876
0.03948952257633209,0.2834477722644806,0.6770626902580261
0.009210445918142796,0.6763473749160767,0.3144422173500061
0.024164585396647453,0.6266009211540222,0.3492344319820404
0.018018824979662895,0.5081461668014526,0.4738350212574005
0.011028598062694073,0.8777257800102234,0.1112455353140831
0.0141353914514184,0.5009725689888,0.4848920404911041
0.011785648763179779,0.8384631276130676,0.1497512310743332
0.05842786282300949,0.0590912401676178,0.8824809789657593
0.01689021661877632,0.8378066420555115,0.14530308544635773
0.08552814275026321,0.2977164387702942,0.6167554259300232
0.008843868970870972,0.8162632584571838,0.1748928278684616
0.035200849175453186,0.3369864225387573,0.6278126835823059
0.009977001696825027,0.8510104417800903,0.13901254534721375
0.04568024352192879,0.48065629601478577,0.4736633896827698
0.042672984302043915,0.21718968451023102,0.7401373386383057
0.010993334464728832,0.812804639339447,0.17620208859443665
0.014750254340469837,0.827207624912262,0.15804217755794525
0.024878649041056633,0.8188830614089966,0.15623828768730164
0.012001282535493374,0.7597213983535767,0.22827740013599396
